threshold,count_above_threshold1,count_above_threshold2
-2.684828,0.9999047619047619,1.0
-2.674828,0.9998095238095238,1.0
-2.6648280000000004,0.9996190476190476,1.0
-2.6548280000000006,0.9993333333333333,1.0
-2.644828000000001,0.9988571428571429,1.0
-2.634828000000001,0.9987619047619047,1.0
-2.6248280000000013,0.9986666666666667,1.0
-2.6148280000000015,0.9981904761904762,1.0
-2.6048280000000017,0.9977142857142857,1.0
-2.594828000000002,0.9970476190476191,0.9999047619047619
-2.584828000000002,0.9967619047619047,0.9999047619047619
-2.5748280000000023,0.996,0.9997142857142857
-2.5648280000000026,0.9949523809523809,0.9997142857142857
-2.5548280000000028,0.9935238095238095,0.9996190476190476
-2.544828000000003,0.9923809523809524,0.9995238095238095
-2.534828000000003,0.9901904761904762,0.9994285714285714
-2.5248280000000034,0.9887619047619047,0.9994285714285714
-2.5148280000000036,0.9869523809523809,0.9994285714285714
-2.504828000000004,0.9842857142857143,0.9993333333333333
-2.494828000000004,0.9813333333333333,0.9993333333333333
-2.4848280000000043,0.9782857142857143,0.9990476190476191
-2.4748280000000045,0.9747619047619047,0.9988571428571429
-2.4648280000000047,0.9708571428571429,0.9986666666666667
-2.454828000000005,0.9665714285714285,0.9983809523809524
-2.444828000000005,0.9602857142857143,0.9982857142857143
-2.4348280000000053,0.9542857142857143,0.9976190476190476
-2.4248280000000055,0.9499047619047619,0.9976190476190476
-2.4148280000000057,0.944,0.9971428571428571
-2.404828000000006,0.9375238095238095,0.9966666666666667
-2.394828000000006,0.9306666666666666,0.9961904761904762
-2.3848280000000064,0.922952380952381,0.996
-2.3748280000000066,0.9160952380952381,0.9956190476190476
-2.364828000000007,0.9084761904761904,0.9951428571428571
-2.354828000000007,0.9022857142857142,0.9946666666666667
-2.3448280000000072,0.8925714285714286,0.9941904761904762
-2.3348280000000075,0.8822857142857143,0.9936190476190476
-2.3248280000000077,0.871904761904762,0.9932380952380953
-2.314828000000008,0.861904761904762,0.9929523809523809
-2.304828000000008,0.8503809523809523,0.9922857142857143
-2.2948280000000083,0.8406666666666667,0.9914285714285714
-2.2848280000000085,0.8302857142857143,0.9904761904761905
-2.2748280000000087,0.8194285714285714,0.989904761904762
-2.264828000000009,0.808952380952381,0.9891428571428571
-2.254828000000009,0.7973333333333333,0.9884761904761905
-2.2448280000000094,0.787047619047619,0.9877142857142858
-2.2348280000000096,0.7745714285714286,0.9871428571428571
-2.22482800000001,0.7623809523809524,0.9860952380952381
-2.21482800000001,0.7509523809523809,0.9852380952380952
-2.2048280000000102,0.7385714285714285,0.9845714285714285
-2.1948280000000104,0.7276190476190476,0.984
-2.1848280000000107,0.7175238095238096,0.9829523809523809
-2.174828000000011,0.7056190476190476,0.9820952380952381
-2.164828000000011,0.693047619047619,0.9810476190476191
-2.1548280000000113,0.6822857142857143,0.9800952380952381
-2.1448280000000115,0.6708571428571428,0.9781904761904762
-2.1348280000000117,0.6582857142857143,0.9763809523809523
-2.124828000000012,0.6475238095238095,0.9755238095238096
-2.114828000000012,0.6363809523809524,0.9747619047619047
-2.1048280000000124,0.6242857142857143,0.9739047619047619
-2.0948280000000126,0.6104761904761905,0.9728571428571429
-2.084828000000013,0.598,0.9720952380952381
-2.074828000000013,0.5837142857142857,0.9708571428571429
-2.064828000000013,0.5731428571428572,0.9700952380952381
-2.0548280000000134,0.560952380952381,0.9687619047619047
-2.0448280000000136,0.5485714285714286,0.9678095238095238
-2.034828000000014,0.5379047619047619,0.9666666666666667
-2.024828000000014,0.528,0.9656190476190476
-2.0148280000000143,0.5175238095238095,0.9642857142857143
-2.0048280000000145,0.5041904761904762,0.963047619047619
-1.9948280000000147,0.4940952380952381,0.9618095238095238
-1.984828000000015,0.4838095238095238,0.9603809523809523
-1.9748280000000151,0.47285714285714286,0.959047619047619
-1.9648280000000153,0.4636190476190476,0.9576190476190476
-1.9548280000000156,0.4540952380952381,0.9568571428571429
-1.9448280000000158,0.44342857142857145,0.9554285714285714
-1.934828000000016,0.43447619047619046,0.9542857142857143
-1.9248280000000162,0.42638095238095236,0.9531428571428572
-1.9148280000000164,0.4187619047619048,0.9516190476190476
-1.9048280000000166,0.4095238095238095,0.9498095238095238
-1.8948280000000168,0.40314285714285714,0.9486666666666667
-1.884828000000017,0.39504761904761904,0.947047619047619
-1.8748280000000173,0.3879047619047619,0.9457142857142857
-1.8648280000000175,0.37942857142857145,0.9446666666666667
-1.8548280000000177,0.37142857142857144,0.9441904761904761
-1.844828000000018,0.36457142857142855,0.9428571428571428
-1.8348280000000181,0.3577142857142857,0.941047619047619
-1.8248280000000183,0.3506666666666667,0.9396190476190476
-1.8148280000000185,0.3438095238095238,0.9387619047619048
-1.8048280000000188,0.3384761904761905,0.9374285714285714
-1.794828000000019,0.3312380952380952,0.9363809523809524
-1.7848280000000192,0.3258095238095238,0.9346666666666666
-1.7748280000000194,0.32,0.9339047619047619
-1.7648280000000196,0.31514285714285717,0.9327619047619048
-1.7548280000000198,0.31,0.9319047619047619
-1.74482800000002,0.304,0.930952380952381
-1.7348280000000202,0.2966666666666667,0.9301904761904762
-1.7248280000000205,0.29285714285714287,0.9293333333333333
-1.7148280000000207,0.2874285714285714,0.9285714285714286
-1.7048280000000209,0.2820952380952381,0.9272380952380952
-1.694828000000021,0.27695238095238095,0.9264761904761905
-1.6848280000000213,0.27266666666666667,0.9257142857142857
-1.6748280000000215,0.2683809523809524,0.9245714285714286
-1.6648280000000217,0.26371428571428573,0.9234285714285714
-1.654828000000022,0.25933333333333336,0.9225714285714286
-1.6448280000000222,0.25485714285714284,0.920952380952381
-1.6348280000000224,0.25047619047619046,0.9196190476190477
-1.6248280000000226,0.24695238095238095,0.9182857142857143
-1.6148280000000228,0.24266666666666667,0.9173333333333333
-1.604828000000023,0.23961904761904762,0.9168571428571428
-1.5948280000000232,0.23695238095238094,0.9160952380952381
-1.5848280000000234,0.23323809523809524,0.9152380952380952
-1.5748280000000237,0.23047619047619047,0.914
-1.5648280000000239,0.22723809523809524,0.9131428571428571
-1.554828000000024,0.22371428571428573,0.912
-1.5448280000000243,0.22057142857142858,0.9114285714285715
-1.5348280000000245,0.2179047619047619,0.910952380952381
-1.5248280000000247,0.21495238095238095,0.9096190476190477
-1.514828000000025,0.21219047619047618,0.9094285714285715
-1.5048280000000251,0.20952380952380953,0.908952380952381
-1.4948280000000254,0.20647619047619048,0.908
-1.4848280000000256,0.20257142857142857,0.9071428571428571
-1.4748280000000258,0.19942857142857143,0.9063809523809524
-1.464828000000026,0.19704761904761905,0.906
-1.4548280000000262,0.1941904761904762,0.9054285714285715
-1.4448280000000264,0.19133333333333333,0.9047619047619048
-1.4348280000000266,0.18857142857142858,0.9039047619047619
-1.4248280000000269,0.18695238095238095,0.9027619047619048
-1.414828000000027,0.18457142857142858,0.9020952380952381
-1.4048280000000273,0.18314285714285714,0.9014285714285715
-1.3948280000000275,0.18171428571428572,0.900952380952381
-1.3848280000000277,0.17819047619047618,0.9002857142857142
-1.374828000000028,0.17533333333333334,0.8991428571428571
-1.3648280000000281,0.17295238095238094,0.8986666666666666
-1.3548280000000283,0.17066666666666666,0.8982857142857142
-1.3448280000000286,0.168,0.8981904761904762
-1.3348280000000288,0.166,0.8973333333333333
-1.324828000000029,0.1636190476190476,0.8962857142857142
-1.3148280000000292,0.1620952380952381,0.8959047619047619
-1.3048280000000294,0.15980952380952382,0.8952380952380953
-1.2948280000000296,0.15761904761904763,0.8948571428571429
-1.2848280000000298,0.15504761904761905,0.8939047619047619
-1.27482800000003,0.15276190476190477,0.8933333333333333
-1.2648280000000303,0.15057142857142858,0.8928571428571429
-1.2548280000000305,0.14847619047619048,0.8919047619047619
-1.2448280000000307,0.146,0.8914285714285715
-1.234828000000031,0.1441904761904762,0.8909523809523809
-1.2248280000000311,0.14276190476190476,0.890095238095238
-1.2148280000000313,0.14066666666666666,0.8893333333333333
-1.2048280000000315,0.13923809523809524,0.8890476190476191
-1.1948280000000318,0.13752380952380952,0.8884761904761905
-1.184828000000032,0.1358095238095238,0.8881904761904762
-1.1748280000000322,0.13380952380952382,0.8876190476190476
-1.1648280000000324,0.13238095238095238,0.8874285714285715
-1.1548280000000326,0.13095238095238096,0.8866666666666667
-1.1448280000000328,0.12942857142857142,0.886
-1.134828000000033,0.1279047619047619,0.8858095238095238
-1.1248280000000332,0.12685714285714286,0.8852380952380953
-1.1148280000000335,0.12542857142857142,0.8846666666666667
-1.1048280000000337,0.12447619047619048,0.8842857142857142
-1.0948280000000339,0.12228571428571429,0.8838095238095238
-1.084828000000034,0.12104761904761904,0.8834285714285715
-1.0748280000000343,0.11971428571428572,0.8826666666666667
-1.0648280000000345,0.11828571428571429,0.8817142857142857
-1.0548280000000347,0.11752380952380953,0.8814285714285715
-1.044828000000035,0.11561904761904762,0.8807619047619047
-1.0348280000000352,0.11447619047619048,0.8804761904761905
-1.0248280000000354,0.11323809523809523,0.88
-1.0148280000000356,0.11228571428571428,0.8795238095238095
-1.0048280000000358,0.11114285714285714,0.8787619047619047
-0.994828000000036,0.10961904761904762,0.8781904761904762
-0.9848280000000362,0.10885714285714286,0.8777142857142857
-0.9748280000000364,0.10771428571428572,0.8771428571428571
-0.9648280000000367,0.1061904761904762,0.8763809523809524
-0.9548280000000369,0.10485714285714286,0.8761904761904762
-0.9448280000000371,0.10380952380952381,0.8758095238095238
-0.9348280000000373,0.10266666666666667,0.8749523809523809
-0.9248280000000375,0.10104761904761905,0.8744761904761905
-0.9148280000000377,0.09971428571428571,0.8739047619047619
-0.9048280000000379,0.09847619047619048,0.8733333333333333
-0.8948280000000381,0.09704761904761905,0.8729523809523809
-0.8848280000000384,0.09561904761904762,0.8722857142857143
-0.8748280000000386,0.09476190476190476,0.8716190476190476
-0.8648280000000388,0.09361904761904762,0.8711428571428571
-0.854828000000039,0.09228571428571429,0.8703809523809524
-0.8448280000000392,0.09123809523809524,0.8697142857142857
-0.8348280000000394,0.09038095238095238,0.8692380952380953
-0.8248280000000396,0.08904761904761904,0.8688571428571429
-0.8148280000000399,0.08828571428571429,0.8683809523809524
-0.8048280000000401,0.08704761904761905,0.8678095238095238
-0.7948280000000403,0.08657142857142858,0.8669523809523809
-0.7848280000000405,0.08542857142857142,0.8664761904761905
-0.7748280000000407,0.08466666666666667,0.865904761904762
-0.7648280000000409,0.0839047619047619,0.8656190476190476
-0.7548280000000411,0.08342857142857144,0.8649523809523809
-0.7448280000000413,0.08276190476190476,0.8645714285714285
-0.7348280000000416,0.08219047619047619,0.8640952380952381
-0.7248280000000418,0.08171428571428571,0.863904761904762
-0.714828000000042,0.08038095238095239,0.8634285714285714
-0.7048280000000422,0.07914285714285714,0.8627619047619047
-0.6948280000000424,0.07866666666666666,0.8623809523809524
-0.6848280000000426,0.07819047619047619,0.8618095238095238
-0.6748280000000428,0.07771428571428571,0.8613333333333333
-0.664828000000043,0.07638095238095238,0.8606666666666667
-0.6548280000000433,0.07523809523809524,0.86
-0.6448280000000435,0.07428571428571429,0.8594285714285714
-0.6348280000000437,0.07333333333333333,0.8590476190476191
-0.6248280000000439,0.07228571428571429,0.8586666666666667
-0.6148280000000441,0.07171428571428572,0.8581904761904762
-0.6048280000000443,0.07152380952380952,0.8576190476190476
-0.5948280000000445,0.07019047619047619,0.8572380952380952
-0.5848280000000448,0.06961904761904762,0.8568571428571429
-0.574828000000045,0.06904761904761905,0.856
-0.5648280000000452,0.06828571428571428,0.8555238095238096
-0.5548280000000454,0.06771428571428571,0.8549523809523809
-0.5448280000000456,0.06714285714285714,0.8542857142857143
-0.5348280000000458,0.06714285714285714,0.8533333333333334
-0.524828000000046,0.06647619047619048,0.8529523809523809
-0.5148280000000462,0.06628571428571428,0.8522857142857143
-0.5048280000000465,0.06542857142857143,0.8520952380952381
-0.4948280000000467,0.06457142857142857,0.8517142857142858
-0.4848280000000469,0.064,0.8512380952380952
-0.4748280000000471,0.06361904761904762,0.8507619047619047
-0.4648280000000473,0.06304761904761905,0.8506666666666667
-0.4548280000000475,0.06266666666666666,0.8501904761904762
-0.44482800000004774,0.06219047619047619,0.8495238095238096
-0.43482800000004795,0.06152380952380952,0.8492380952380952
-0.42482800000004817,0.06085714285714286,0.8486666666666667
-0.4148280000000484,0.05952380952380952,0.8482857142857143
-0.4048280000000486,0.05904761904761905,0.8475238095238096
-0.3948280000000488,0.058666666666666666,0.8472380952380952
-0.384828000000049,0.05828571428571429,0.8466666666666667
-0.37482800000004923,0.05761904761904762,0.8461904761904762
-0.36482800000004945,0.057428571428571426,0.8459047619047619
-0.35482800000004966,0.056952380952380956,0.8454285714285714
-0.3448280000000499,0.056095238095238094,0.8449523809523809
-0.3348280000000501,0.05533333333333333,0.8444761904761905
-0.3248280000000503,0.054952380952380954,0.8439047619047619
-0.3148280000000505,0.054,0.8435238095238096
-0.3048280000000507,0.05352380952380952,0.843047619047619
-0.29482800000005094,0.053047619047619045,0.8425714285714285
-0.28482800000005115,0.052476190476190475,0.8420952380952381
-0.27482800000005136,0.052,0.8417142857142857
-0.2648280000000516,0.05152380952380953,0.8413333333333334
-0.2548280000000518,0.05104761904761905,0.8406666666666667
-0.244828000000052,0.050666666666666665,0.8403809523809523
-0.23482800000005222,0.04961904761904762,0.8399047619047619
-0.22482800000005243,0.04904761904761905,0.838952380952381
-0.21482800000005264,0.04876190476190476,0.8387619047619047
-0.20482800000005286,0.04819047619047619,0.8380952380952381
-0.19482800000005307,0.047714285714285716,0.8378095238095238
-0.18482800000005328,0.04733333333333333,0.8372380952380952
-0.1748280000000535,0.046857142857142854,0.8368571428571429
-0.1648280000000537,0.046285714285714284,0.8364761904761905
-0.15482800000005392,0.04609523809523809,0.8360952380952381
-0.14482800000005414,0.04533333333333334,0.8354285714285714
-0.13482800000005435,0.04485714285714286,0.8352380952380952
-0.12482800000005456,0.044476190476190475,0.8348571428571429
-0.11482800000005478,0.0440952380952381,0.8341904761904761
-0.10482800000005499,0.043904761904761905,0.8336190476190476
-0.0948280000000552,0.04380952380952381,0.832952380952381
-0.08482800000005541,0.04361904761904762,0.8324761904761905
-0.07482800000005563,0.043333333333333335,0.8318095238095238
-0.06482800000005584,0.04304761904761905,0.8314285714285714
-0.054828000000056054,0.042666666666666665,0.831047619047619
-0.04482800000005627,0.04247619047619047,0.8307619047619048
-0.03482800000005648,0.0419047619047619,0.8303809523809523
-0.024828000000056694,0.041428571428571426,0.8299047619047619
-0.014828000000056907,0.04114285714285714,0.8296190476190476
-0.00482800000005712,0.040857142857142856,0.8293333333333334
0.005171999999942667,0.04066666666666666,0.8285714285714286
0.015171999999942454,0.040285714285714286,0.8281904761904761
0.02517199999994224,0.03990476190476191,0.8278095238095238
0.03517199999994203,0.039619047619047616,0.8274285714285714
0.045171999999941814,0.03923809523809524,0.827047619047619
0.0551719999999416,0.03923809523809524,0.8265714285714286
0.06517199999994139,0.03866666666666667,0.8259047619047619
0.07517199999994117,0.038,0.8255238095238095
0.08517199999994096,0.03761904761904762,0.825047619047619
0.09517199999994075,0.037333333333333336,0.8246666666666667
0.10517199999994054,0.037047619047619045,0.8242857142857143
0.11517199999994032,0.03695238095238095,0.8239047619047619
0.1251719999999401,0.03666666666666667,0.8237142857142857
0.1351719999999399,0.03638095238095238,0.8234285714285714
0.14517199999993968,0.03619047619047619,0.8225714285714286
0.15517199999993947,0.035904761904761905,0.8221904761904761
0.16517199999993926,0.03552380952380953,0.8219047619047619
0.17517199999993904,0.03504761904761905,0.8216190476190476
0.18517199999993883,0.034761904761904765,0.8215238095238095
0.19517199999993862,0.03428571428571429,0.821047619047619
0.2051719999999384,0.034095238095238095,0.8208571428571428
0.2151719999999382,0.0339047619047619,0.8204761904761905
0.22517199999993798,0.03361904761904762,0.8199047619047619
0.23517199999993776,0.03333333333333333,0.8197142857142857
0.24517199999993755,0.032857142857142856,0.8194285714285714
0.25517199999993734,0.03247619047619048,0.8192380952380952
0.2651719999999371,0.03219047619047619,0.819047619047619
0.2751719999999369,0.03190476190476191,0.8184761904761905
0.2851719999999367,0.031619047619047616,0.818
0.2951719999999365,0.03123809523809524,0.8178095238095238
0.30517199999993627,0.031142857142857142,0.8172380952380952
0.31517199999993606,0.030952380952380953,0.817047619047619
0.32517199999993585,0.030571428571428572,0.8167619047619048
0.33517199999993563,0.03038095238095238,0.8162857142857143
0.3451719999999354,0.030095238095238095,0.8158095238095238
0.3551719999999352,0.02980952380952381,0.8154285714285714
0.365171999999935,0.029619047619047618,0.8152380952380952
0.3751719999999348,0.029333333333333333,0.8146666666666667
0.38517199999993457,0.029142857142857144,0.8144761904761905
0.39517199999993435,0.029142857142857144,0.814
0.40517199999993414,0.02895238095238095,0.8133333333333334
0.4151719999999339,0.028857142857142856,0.8132380952380952
0.4251719999999337,0.028476190476190478,0.813047619047619
0.4351719999999335,0.028095238095238097,0.8128571428571428
0.4451719999999333,0.02780952380952381,0.8124761904761905
0.4551719999999331,0.027523809523809523,0.812
0.46517199999993286,0.027428571428571427,0.8114285714285714
0.47517199999993265,0.027333333333333334,0.8113333333333334
0.48517199999993244,0.027142857142857142,0.8111428571428572
0.4951719999999322,0.026857142857142857,0.8106666666666666
0.505171999999932,0.026857142857142857,0.8104761904761905
0.5151719999999318,0.02676190476190476,0.8100952380952381
0.5251719999999316,0.026571428571428572,0.8099047619047619
0.5351719999999314,0.026476190476190476,0.8096190476190476
0.5451719999999312,0.02638095238095238,0.8093333333333333
0.5551719999999309,0.026285714285714287,0.8091428571428572
0.5651719999999307,0.026,0.8085714285714286
0.5751719999999305,0.025523809523809525,0.8081904761904762
0.5851719999999303,0.025238095238095237,0.8076190476190476
0.5951719999999301,0.025047619047619048,0.8072380952380952
0.6051719999999299,0.02495238095238095,0.807047619047619
0.6151719999999297,0.024476190476190478,0.8064761904761905
0.6251719999999295,0.02419047619047619,0.8061904761904762
0.6351719999999292,0.02419047619047619,0.8057142857142857
0.645171999999929,0.024095238095238097,0.8055238095238095
0.6551719999999288,0.023904761904761904,0.8053333333333333
0.6651719999999286,0.023428571428571427,0.804952380952381
0.6751719999999284,0.023142857142857142,0.8046666666666666
0.6851719999999282,0.023047619047619046,0.8044761904761905
0.695171999999928,0.022952380952380953,0.804
0.7051719999999277,0.022571428571428572,0.8034285714285714
0.7151719999999275,0.022571428571428572,0.8033333333333333
0.7251719999999273,0.022571428571428572,0.8028571428571428
0.7351719999999271,0.02238095238095238,0.8022857142857143
0.7451719999999269,0.022285714285714287,0.8019047619047619
0.7551719999999267,0.022,0.8016190476190476
0.7651719999999265,0.021523809523809525,0.8013333333333333
0.7751719999999263,0.021047619047619048,0.801047619047619
0.785171999999926,0.020761904761904763,0.8008571428571428
0.7951719999999258,0.020666666666666667,0.8006666666666666
0.8051719999999256,0.02057142857142857,0.7999047619047619
0.8151719999999254,0.02057142857142857,0.7995238095238095
0.8251719999999252,0.02038095238095238,0.7992380952380952
0.835171999999925,0.020095238095238097,0.798952380952381
0.8451719999999248,0.019809523809523808,0.7985714285714286
0.8551719999999245,0.019714285714285715,0.7981904761904762
0.8651719999999243,0.019523809523809523,0.7976190476190477
0.8751719999999241,0.019523809523809523,0.7972380952380952
0.8851719999999239,0.019428571428571427,0.797047619047619
0.8951719999999237,0.019333333333333334,0.7964761904761904
0.9051719999999235,0.019142857142857142,0.7963809523809524
0.9151719999999233,0.01904761904761905,0.7960952380952381
0.9251719999999231,0.018952380952380953,0.7957142857142857
0.9351719999999228,0.018952380952380953,0.7951428571428572
0.9451719999999226,0.018952380952380953,0.7945714285714286
0.9551719999999224,0.018857142857142857,0.7943809523809524
0.9651719999999222,0.018666666666666668,0.794
0.975171999999922,0.018666666666666668,0.7935238095238095
0.9851719999999218,0.018285714285714287,0.7932380952380952
0.9951719999999216,0.018095238095238095,0.7927619047619048
1.0051719999999214,0.017904761904761906,0.7925714285714286
1.0151719999999211,0.017714285714285714,0.792
1.025171999999921,0.017523809523809525,0.7918095238095239
1.0351719999999207,0.017333333333333333,0.7916190476190477
1.0451719999999205,0.017047619047619048,0.7912380952380952
1.0551719999999203,0.01685714285714286,0.7902857142857143
1.06517199999992,0.016666666666666666,0.7899047619047619
1.0751719999999199,0.01638095238095238,0.7896190476190477
1.0851719999999196,0.01638095238095238,0.7893333333333333
1.0951719999999194,0.01638095238095238,0.789047619047619
1.1051719999999192,0.01638095238095238,0.7885714285714286
1.115171999999919,0.01638095238095238,0.7880952380952381
1.1251719999999188,0.016285714285714285,0.788
1.1351719999999186,0.016095238095238096,0.7877142857142857
1.1451719999999184,0.015904761904761904,0.7874285714285715
1.1551719999999182,0.015714285714285715,0.7872380952380953
1.165171999999918,0.015428571428571429,0.7865714285714286
1.1751719999999177,0.015428571428571429,0.7861904761904762
1.1851719999999175,0.015428571428571429,0.7857142857142857
1.1951719999999173,0.015428571428571429,0.7851428571428571
1.205171999999917,0.015238095238095238,0.7847619047619048
1.2151719999999169,0.015142857142857144,0.7842857142857143
1.2251719999999167,0.015142857142857144,0.7839047619047619
1.2351719999999164,0.014952380952380953,0.7834285714285715
1.2451719999999162,0.014952380952380953,0.7832380952380953
1.255171999999916,0.014952380952380953,0.7831428571428571
1.2651719999999158,0.014952380952380953,0.782952380952381
1.2751719999999156,0.014666666666666666,0.7825714285714286
1.2851719999999154,0.014666666666666666,0.7820952380952381
1.2951719999999152,0.014571428571428572,0.7817142857142857
1.305171999999915,0.014571428571428572,0.7816190476190477
1.3151719999999147,0.014571428571428572,0.7811428571428571
1.3251719999999145,0.014380952380952381,0.7805714285714286
1.3351719999999143,0.014285714285714285,0.7803809523809524
1.345171999999914,0.01419047619047619,0.7801904761904762
1.355171999999914,0.014,0.7799047619047619
1.3651719999999137,0.013904761904761904,0.7794285714285715
1.3751719999999135,0.013714285714285714,0.7790476190476191
1.3851719999999133,0.013714285714285714,0.778952380952381
1.395171999999913,0.013428571428571429,0.7785714285714286
1.4051719999999128,0.013333333333333334,0.7784761904761904
1.4151719999999126,0.013333333333333334,0.7779047619047619
1.4251719999999124,0.013238095238095238,0.7775238095238095
1.4351719999999122,0.013238095238095238,0.7772380952380953
1.445171999999912,0.013142857142857144,0.7766666666666666
1.4551719999999118,0.013047619047619047,0.7763809523809524
1.4651719999999115,0.013047619047619047,0.7761904761904762
1.4751719999999113,0.013047619047619047,0.7760952380952381
1.4851719999999111,0.012952380952380953,0.776
1.495171999999911,0.012666666666666666,0.7753333333333333
1.5051719999999107,0.012476190476190476,0.7750476190476191
1.5151719999999105,0.012380952380952381,0.7746666666666666
1.5251719999999103,0.012285714285714285,0.7742857142857142
1.53517199999991,0.01219047619047619,0.7738095238095238
1.5451719999999098,0.01219047619047619,0.7736190476190477
1.5551719999999096,0.012095238095238095,0.7728571428571429
1.5651719999999094,0.011904761904761904,0.7725714285714286
1.5751719999999092,0.011904761904761904,0.7722857142857142
1.585171999999909,0.01180952380952381,0.7720952380952381
1.5951719999999088,0.011714285714285714,0.7717142857142857
1.6051719999999086,0.011523809523809523,0.7716190476190476
1.6151719999999083,0.011428571428571429,0.7713333333333333
1.6251719999999081,0.011428571428571429,0.7707619047619048
1.635171999999908,0.011333333333333334,0.7705714285714286
1.6451719999999077,0.011142857142857144,0.7703809523809524
1.6551719999999075,0.011142857142857144,0.77
1.6651719999999073,0.011142857142857144,0.7698095238095238
1.675171999999907,0.011047619047619047,0.7696190476190476
1.6851719999999069,0.010857142857142857,0.7693333333333333
1.6951719999999066,0.010761904761904762,0.7691428571428571
1.7051719999999064,0.010571428571428572,0.7688571428571429
1.7151719999999062,0.010476190476190476,0.7685714285714286
1.725171999999906,0.010285714285714285,0.7683809523809524
1.7351719999999058,0.01019047619047619,0.7682857142857142
1.7451719999999056,0.00980952380952381,0.7679047619047619
1.7551719999999054,0.009714285714285713,0.7676190476190476
1.7651719999999052,0.009619047619047619,0.7673333333333333
1.775171999999905,0.009619047619047619,0.7669523809523809
1.7851719999999047,0.009619047619047619,0.7665714285714286
1.7951719999999045,0.009523809523809525,0.7664761904761904
1.8051719999999043,0.009523809523809525,0.7658095238095238
1.815171999999904,0.009523809523809525,0.7656190476190476
1.8251719999999039,0.009428571428571429,0.7652380952380953
1.8351719999999037,0.009333333333333334,0.7648571428571429
1.8451719999999034,0.009142857142857144,0.7646666666666667
1.8551719999999032,0.009142857142857144,0.7645714285714286
1.865171999999903,0.009142857142857144,0.764095238095238
1.8751719999999028,0.009142857142857144,0.7638095238095238
1.8851719999999026,0.008952380952380953,0.7635238095238095
1.8951719999999024,0.008952380952380953,0.7630476190476191
1.9051719999999022,0.008952380952380953,0.7626666666666667
1.915171999999902,0.008952380952380953,0.7622857142857142
1.9251719999999017,0.008952380952380953,0.7619047619047619
1.9351719999999015,0.008952380952380953,0.7615238095238095
1.9451719999999013,0.008857142857142857,0.7611428571428571
1.955171999999901,0.008857142857142857,0.7607619047619048
1.9651719999999009,0.008857142857142857,0.7603809523809524
1.9751719999999007,0.008857142857142857,0.7602857142857142
1.9851719999999005,0.008857142857142857,0.760095238095238
1.9951719999999002,0.008857142857142857,0.7598095238095238
2.0051719999999,0.008761904761904762,0.7594285714285715
2.0151719999999,0.008666666666666666,0.7594285714285715
2.0251719999998996,0.008666666666666666,0.7588571428571429
2.0351719999998994,0.008666666666666666,0.7584761904761905
2.045171999999899,0.008476190476190476,0.7578095238095238
2.055171999999899,0.008476190476190476,0.7577142857142857
2.0651719999998988,0.00819047619047619,0.7573333333333333
2.0751719999998985,0.00819047619047619,0.7568571428571429
2.0851719999998983,0.00819047619047619,0.7565714285714286
2.095171999999898,0.00819047619047619,0.756095238095238
2.105171999999898,0.00819047619047619,0.7554285714285714
2.1151719999998977,0.008095238095238095,0.7546666666666667
2.1251719999998975,0.008095238095238095,0.7544761904761905
2.1351719999998973,0.008,0.7539047619047619
2.145171999999897,0.007904761904761904,0.7535238095238095
2.155171999999897,0.007904761904761904,0.7533333333333333
2.1651719999998966,0.007904761904761904,0.7530476190476191
2.1751719999998964,0.00780952380952381,0.7529523809523809
2.185171999999896,0.007714285714285714,0.7527619047619047
2.195171999999896,0.007714285714285714,0.7524761904761905
2.2051719999998958,0.007714285714285714,0.752
2.2151719999998956,0.007619047619047619,0.7518095238095238
2.2251719999998953,0.007619047619047619,0.7515238095238095
2.235171999999895,0.007619047619047619,0.7514285714285714
2.245171999999895,0.007619047619047619,0.7506666666666667
2.2551719999998947,0.007619047619047619,0.7501904761904762
2.2651719999998945,0.007333333333333333,0.7497142857142857
2.2751719999998943,0.007333333333333333,0.7496190476190476
2.285171999999894,0.007238095238095238,0.7494285714285714
2.295171999999894,0.007238095238095238,0.7492380952380953
2.3051719999998936,0.007238095238095238,0.7490476190476191
2.3151719999998934,0.007047619047619047,0.7486666666666667
2.325171999999893,0.007047619047619047,0.7483809523809524
2.335171999999893,0.006952380952380952,0.748
2.345171999999893,0.006952380952380952,0.7478095238095238
2.3551719999998926,0.006952380952380952,0.7474285714285714
2.3651719999998924,0.006952380952380952,0.7472380952380953
2.375171999999892,0.006857142857142857,0.7471428571428571
2.385171999999892,0.0067619047619047615,0.7467619047619047
2.3951719999998917,0.0067619047619047615,0.7462857142857143
2.4051719999998915,0.0067619047619047615,0.7462857142857143
2.4151719999998913,0.0067619047619047615,0.746
2.425171999999891,0.0067619047619047615,0.745904761904762
2.435171999999891,0.0067619047619047615,0.7458095238095238
2.4451719999998907,0.006666666666666667,0.7455238095238095
2.4551719999998904,0.006571428571428572,0.7450476190476191
2.4651719999998902,0.0064761904761904765,0.7450476190476191
2.47517199999989,0.0064761904761904765,0.7447619047619047
2.48517199999989,0.0064761904761904765,0.7445714285714286
2.4951719999998896,0.006380952380952381,0.7443809523809524
2.5051719999998894,0.006380952380952381,0.7440952380952381
2.515171999999889,0.006380952380952381,0.7438095238095238
2.525171999999889,0.006285714285714286,0.7435238095238095
2.5351719999998887,0.006285714285714286,0.7433333333333333
2.5451719999998885,0.006285714285714286,0.7430476190476191
2.5551719999998883,0.006285714285714286,0.7427619047619047
2.565171999999888,0.006190476190476191,0.7423809523809524
2.575171999999888,0.006190476190476191,0.741904761904762
2.5851719999998877,0.006190476190476191,0.7418095238095238
2.5951719999998875,0.006190476190476191,0.7416190476190476
2.6051719999998872,0.006095238095238095,0.7413333333333333
2.615171999999887,0.006095238095238095,0.7411428571428571
2.625171999999887,0.006,0.7407619047619047
2.6351719999998866,0.006,0.7403809523809524
2.6451719999998864,0.006,0.7397142857142858
2.655171999999886,0.005904761904761905,0.7393333333333333
2.665171999999886,0.005714285714285714,0.7391428571428571
2.6751719999998858,0.005714285714285714,0.7386666666666667
2.6851719999998855,0.005714285714285714,0.7382857142857143
2.6951719999998853,0.005714285714285714,0.7380952380952381
2.705171999999885,0.005714285714285714,0.7376190476190476
2.715171999999885,0.005714285714285714,0.7370476190476191
2.7251719999998847,0.005619047619047619,0.7366666666666667
2.7351719999998845,0.005619047619047619,0.7364761904761905
2.7451719999998843,0.005619047619047619,0.735904761904762
2.755171999999884,0.005619047619047619,0.7357142857142858
2.765171999999884,0.005523809523809524,0.7353333333333333
2.7751719999998836,0.0054285714285714284,0.7350476190476191
2.7851719999998834,0.0054285714285714284,0.7349523809523809
2.795171999999883,0.005333333333333333,0.7346666666666667
2.805171999999883,0.005333333333333333,0.7344761904761905
2.8151719999998828,0.005333333333333333,0.7342857142857143
2.8251719999998826,0.005238095238095238,0.733904761904762
2.8351719999998823,0.005142857142857143,0.7336190476190476
2.845171999999882,0.005142857142857143,0.7334285714285714
2.855171999999882,0.005142857142857143,0.7329523809523809
2.8651719999998817,0.005142857142857143,0.7325714285714285
2.8751719999998815,0.005142857142857143,0.7323809523809524
2.8851719999998813,0.005142857142857143,0.7323809523809524
2.895171999999881,0.005047619047619047,0.7320952380952381
2.905171999999881,0.005047619047619047,0.7318095238095238
2.9151719999998806,0.005047619047619047,0.7316190476190476
2.9251719999998804,0.004952380952380952,0.7315238095238096
2.93517199999988,0.004952380952380952,0.7314285714285714
2.94517199999988,0.004952380952380952,0.7310476190476191
2.95517199999988,0.004952380952380952,0.7305714285714285
2.9651719999998796,0.004952380952380952,0.7304761904761905
2.9751719999998794,0.004952380952380952,0.7302857142857143
2.985171999999879,0.004952380952380952,0.7300952380952381
2.995171999999879,0.004857142857142857,0.7296190476190476
3.0051719999998787,0.004857142857142857,0.7294285714285714
3.0151719999998785,0.004761904761904762,0.7291428571428571
3.0251719999998783,0.004666666666666667,0.7288571428571429
3.035171999999878,0.004666666666666667,0.7284761904761905
3.045171999999878,0.004666666666666667,0.7280952380952381
3.0551719999998777,0.004666666666666667,0.7277142857142858
3.0651719999998774,0.004666666666666667,0.7275238095238096
3.0751719999998772,0.004571428571428572,0.7269523809523809
3.085171999999877,0.004571428571428572,0.7268571428571429
3.095171999999877,0.0044761904761904765,0.7264761904761905
3.1051719999998766,0.0044761904761904765,0.7264761904761905
3.1151719999998764,0.0044761904761904765,0.7262857142857143
3.125171999999876,0.0044761904761904765,0.7259047619047619
3.135171999999876,0.004380952380952381,0.7256190476190476
3.1451719999998757,0.004380952380952381,0.7252380952380952
3.1551719999998755,0.004285714285714286,0.7251428571428571
3.1651719999998753,0.004190476190476191,0.7247619047619047
3.175171999999875,0.004190476190476191,0.7245714285714285
3.185171999999875,0.004190476190476191,0.7243809523809523
3.1951719999998747,0.004190476190476191,0.7239047619047619
3.2051719999998745,0.004190476190476191,0.7235238095238096
3.2151719999998742,0.004,0.7232380952380952
3.225171999999874,0.004,0.7227619047619047
3.235171999999874,0.004,0.7221904761904762
3.2451719999998736,0.004,0.7218095238095238
3.2551719999998734,0.004,0.7217142857142858
3.265171999999873,0.003904761904761905,0.7214285714285714
3.275171999999873,0.003904761904761905,0.7212380952380952
3.2851719999998727,0.003904761904761905,0.7206666666666667
3.2951719999998725,0.003904761904761905,0.7200952380952381
3.3051719999998723,0.003904761904761905,0.7197142857142858
3.315171999999872,0.003904761904761905,0.7194285714285714
3.325171999999872,0.003904761904761905,0.7191428571428572
3.3351719999998717,0.003904761904761905,0.7189523809523809
3.3451719999998715,0.003904761904761905,0.7186666666666667
3.3551719999998713,0.003904761904761905,0.7184761904761905
3.365171999999871,0.0038095238095238095,0.7180952380952381
3.375171999999871,0.0038095238095238095,0.7178095238095238
3.3851719999998706,0.0038095238095238095,0.7173333333333334
3.3951719999998704,0.0038095238095238095,0.717047619047619
3.40517199999987,0.0037142857142857142,0.716952380952381
3.41517199999987,0.0035238095238095237,0.7166666666666667
3.4251719999998698,0.0035238095238095237,0.7163809523809523
3.4351719999998696,0.0035238095238095237,0.7159047619047619
3.4451719999998693,0.0035238095238095237,0.7154285714285714
3.455171999999869,0.0035238095238095237,0.7148571428571429
3.465171999999869,0.0034285714285714284,0.7141904761904762
3.4751719999998687,0.0034285714285714284,0.7138095238095238
3.4851719999998685,0.0034285714285714284,0.7138095238095238
3.4951719999998683,0.0034285714285714284,0.7137142857142857
3.505171999999868,0.0034285714285714284,0.7134285714285714
3.515171999999868,0.0034285714285714284,0.7133333333333334
3.5251719999998676,0.0034285714285714284,0.7131428571428572
3.5351719999998674,0.0033333333333333335,0.712952380952381
3.545171999999867,0.0033333333333333335,0.7124761904761905
3.555171999999867,0.0033333333333333335,0.7120952380952381
3.565171999999867,0.0033333333333333335,0.7116190476190476
3.5751719999998666,0.0033333333333333335,0.7115238095238096
3.5851719999998664,0.0033333333333333335,0.7112380952380952
3.595171999999866,0.0033333333333333335,0.710952380952381
3.605171999999866,0.0033333333333333335,0.7103809523809523
3.6151719999998657,0.0033333333333333335,0.7098095238095238
3.6251719999998655,0.0032380952380952383,0.7096190476190476
3.6351719999998653,0.003142857142857143,0.7094285714285714
3.645171999999865,0.003142857142857143,0.7092380952380952
3.655171999999865,0.003142857142857143,0.7091428571428572
3.6651719999998646,0.0030476190476190477,0.7087619047619048
3.6751719999998644,0.0030476190476190477,0.7086666666666667
3.6851719999998642,0.0030476190476190477,0.7081904761904761
3.695171999999864,0.0030476190476190477,0.7080952380952381
3.705171999999864,0.0030476190476190477,0.7079047619047619
3.7151719999998636,0.0030476190476190477,0.7076190476190476
3.7251719999998634,0.0030476190476190477,0.7074285714285714
3.735171999999863,0.0030476190476190477,0.706952380952381
3.745171999999863,0.0029523809523809524,0.7068571428571429
3.7551719999998627,0.0029523809523809524,0.7066666666666667
3.7651719999998625,0.002857142857142857,0.7062857142857143
3.7751719999998623,0.002857142857142857,0.706
3.785171999999862,0.002857142857142857,0.7055238095238096
3.795171999999862,0.002857142857142857,0.7048571428571428
3.8051719999998617,0.002761904761904762,0.7045714285714286
3.8151719999998615,0.002761904761904762,0.704
3.8251719999998612,0.002761904761904762,0.7035238095238096
3.835171999999861,0.002761904761904762,0.702952380952381
3.845171999999861,0.002761904761904762,0.7026666666666667
3.8551719999998606,0.002761904761904762,0.7024761904761905
3.8651719999998604,0.002761904761904762,0.7023809523809523
3.87517199999986,0.002761904761904762,0.7020952380952381
3.88517199999986,0.0026666666666666666,0.7018095238095238
3.8951719999998597,0.0026666666666666666,0.7014285714285714
3.9051719999998595,0.0026666666666666666,0.7013333333333334
3.9151719999998593,0.0026666666666666666,0.7012380952380952
3.925171999999859,0.0025714285714285713,0.7008571428571428
3.935171999999859,0.002476190476190476,0.7008571428571428
3.9451719999998587,0.002476190476190476,0.7005714285714286
3.9551719999998585,0.002476190476190476,0.7002857142857143
3.9651719999998583,0.002476190476190476,0.6998095238095238
3.975171999999858,0.002476190476190476,0.6991428571428572
3.985171999999858,0.002476190476190476,0.699047619047619
3.9951719999998576,0.002476190476190476,0.6987619047619048
4.005171999999858,0.002476190476190476,0.6983809523809524
4.015171999999858,0.002476190476190476,0.6979047619047619
4.025171999999857,0.002476190476190476,0.6976190476190476
4.035171999999857,0.002476190476190476,0.6973333333333334
4.045171999999857,0.002380952380952381,0.6972380952380952
4.055171999999857,0.002380952380952381,0.6965714285714286
4.065171999999857,0.002380952380952381,0.6962857142857143
4.075171999999856,0.002380952380952381,0.6959047619047619
4.085171999999856,0.002380952380952381,0.6956190476190476
4.095171999999856,0.002380952380952381,0.6951428571428572
4.105171999999856,0.002380952380952381,0.6948571428571428
4.1151719999998555,0.002285714285714286,0.6945714285714286
4.125171999999855,0.0021904761904761906,0.6943809523809524
4.135171999999855,0.0021904761904761906,0.6940952380952381
4.145171999999855,0.002,0.6939047619047619
4.155171999999855,0.002,0.6928571428571428
4.165171999999854,0.002,0.6924761904761905
4.175171999999854,0.002,0.6918095238095238
4.185171999999854,0.002,0.6914285714285714
4.195171999999854,0.002,0.6912380952380952
4.205171999999854,0.002,0.691047619047619
4.215171999999853,0.0018095238095238095,0.690952380952381
4.225171999999853,0.0018095238095238095,0.6905714285714286
4.235171999999853,0.0018095238095238095,0.6902857142857143
4.245171999999853,0.0017142857142857142,0.6898095238095238
4.2551719999998525,0.0017142857142857142,0.6896190476190476
4.265171999999852,0.0016190476190476191,0.6893333333333334
4.275171999999852,0.0016190476190476191,0.6893333333333334
4.285171999999852,0.0015238095238095239,0.6891428571428572
4.295171999999852,0.0015238095238095239,0.688952380952381
4.3051719999998515,0.0015238095238095239,0.6887619047619048
4.315171999999851,0.0015238095238095239,0.6884761904761905
4.325171999999851,0.0015238095238095239,0.688
4.335171999999851,0.0015238095238095239,0.6877142857142857
4.345171999999851,0.0015238095238095239,0.6873333333333334
4.35517199999985,0.0015238095238095239,0.687047619047619
4.36517199999985,0.0015238095238095239,0.6867619047619048
4.37517199999985,0.0015238095238095239,0.6863809523809524
4.38517199999985,0.0014285714285714286,0.6860952380952381
4.3951719999998495,0.0014285714285714286,0.6859047619047619
4.405171999999849,0.0014285714285714286,0.6855238095238095
4.415171999999849,0.0013333333333333333,0.685047619047619
4.425171999999849,0.0013333333333333333,0.6848571428571428
4.435171999999849,0.0013333333333333333,0.6845714285714286
4.4451719999998485,0.001238095238095238,0.6841904761904762
4.455171999999848,0.001238095238095238,0.6838095238095238
4.465171999999848,0.001238095238095238,0.6835238095238095
4.475171999999848,0.001238095238095238,0.6832380952380952
4.485171999999848,0.001238095238095238,0.683047619047619
4.495171999999847,0.001238095238095238,0.6826666666666666
4.505171999999847,0.001142857142857143,0.6821904761904762
4.515171999999847,0.001142857142857143,0.6817142857142857
4.525171999999847,0.001142857142857143,0.6814285714285714
4.5351719999998465,0.001142857142857143,0.6811428571428572
4.545171999999846,0.001142857142857143,0.6806666666666666
4.555171999999846,0.001142857142857143,0.6801904761904762
4.565171999999846,0.001142857142857143,0.6800952380952381
4.575171999999846,0.001142857142857143,0.6796190476190476
4.5851719999998455,0.001142857142857143,0.6794285714285714
4.595171999999845,0.001142857142857143,0.679047619047619
4.605171999999845,0.001142857142857143,0.6788571428571428
4.615171999999845,0.001142857142857143,0.6784761904761905
4.625171999999845,0.001142857142857143,0.6782857142857143
4.635171999999844,0.001142857142857143,0.6780952380952381
4.645171999999844,0.001142857142857143,0.6777142857142857
4.655171999999844,0.0010476190476190477,0.6774285714285714
4.665171999999844,0.0010476190476190477,0.6771428571428572
4.675171999999844,0.0010476190476190477,0.6766666666666666
4.685171999999843,0.0009523809523809524,0.6763809523809524
4.695171999999843,0.0009523809523809524,0.6757142857142857
4.705171999999843,0.0009523809523809524,0.6754285714285714
4.715171999999843,0.0009523809523809524,0.6748571428571428
4.7251719999998425,0.0009523809523809524,0.6745714285714286
4.735171999999842,0.0009523809523809524,0.6742857142857143
4.745171999999842,0.0009523809523809524,0.674
4.755171999999842,0.0009523809523809524,0.6738095238095239
4.765171999999842,0.0009523809523809524,0.6735238095238095
4.775171999999841,0.0009523809523809524,0.6733333333333333
4.785171999999841,0.0009523809523809524,0.6724761904761904
4.795171999999841,0.0009523809523809524,0.672
4.805171999999841,0.0009523809523809524,0.6715238095238095
4.815171999999841,0.0009523809523809524,0.6714285714285714
4.82517199999984,0.0008571428571428571,0.6711428571428572
4.83517199999984,0.0008571428571428571,0.6705714285714286
4.84517199999984,0.0008571428571428571,0.6702857142857143
4.85517199999984,0.0008571428571428571,0.6698095238095239
4.8651719999998395,0.0008571428571428571,0.6697142857142857
4.875171999999839,0.0008571428571428571,0.6695238095238095
4.885171999999839,0.0008571428571428571,0.6692380952380952
4.895171999999839,0.0008571428571428571,0.6687619047619048
4.905171999999839,0.0008571428571428571,0.6684761904761904
4.9151719999998384,0.0008571428571428571,0.668
4.925171999999838,0.0008571428571428571,0.6674285714285715
4.935171999999838,0.0008571428571428571,0.667047619047619
4.945171999999838,0.0008571428571428571,0.6667619047619048
4.955171999999838,0.0008571428571428571,0.6662857142857143
4.965171999999837,0.0008571428571428571,0.666
4.975171999999837,0.0008571428571428571,0.6655238095238095
4.985171999999837,0.0008571428571428571,0.6653333333333333
4.995171999999837,0.0008571428571428571,0.6652380952380952
5.0051719999998365,0.0008571428571428571,0.6647619047619048
5.015171999999836,0.0008571428571428571,0.6644761904761904
5.025171999999836,0.0008571428571428571,0.6641904761904762
5.035171999999836,0.0008571428571428571,0.6636190476190477
5.045171999999836,0.0008571428571428571,0.6633333333333333
5.0551719999998355,0.0008571428571428571,0.6633333333333333
5.065171999999835,0.0008571428571428571,0.663047619047619
5.075171999999835,0.0008571428571428571,0.6625714285714286
5.085171999999835,0.0008571428571428571,0.6620952380952381
5.095171999999835,0.0008571428571428571,0.6616190476190477
5.105171999999834,0.0008571428571428571,0.6612380952380953
5.115171999999834,0.0008571428571428571,0.6608571428571428
5.125171999999834,0.0008571428571428571,0.6602857142857143
5.135171999999834,0.0008571428571428571,0.6599047619047619
5.1451719999998335,0.0008571428571428571,0.6597142857142857
5.155171999999833,0.0008571428571428571,0.6596190476190477
5.165171999999833,0.0008571428571428571,0.6591428571428571
5.175171999999833,0.0008571428571428571,0.6588571428571428
5.185171999999833,0.0008571428571428571,0.6580952380952381
5.1951719999998325,0.0008571428571428571,0.6579047619047619
5.205171999999832,0.0008571428571428571,0.6572380952380953
5.215171999999832,0.0008571428571428571,0.6563809523809524
5.225171999999832,0.0008571428571428571,0.6559047619047619
5.235171999999832,0.0008571428571428571,0.6552380952380953
5.245171999999831,0.0008571428571428571,0.6550476190476191
5.255171999999831,0.0008571428571428571,0.6548571428571428
5.265171999999831,0.0008571428571428571,0.6545714285714286
5.275171999999831,0.0008571428571428571,0.6541904761904762
5.285171999999831,0.0008571428571428571,0.654
5.29517199999983,0.0008571428571428571,0.6535238095238095
5.30517199999983,0.0008571428571428571,0.6530476190476191
5.31517199999983,0.0008571428571428571,0.6522857142857142
5.32517199999983,0.0008571428571428571,0.652
5.3351719999998295,0.0008571428571428571,0.6518095238095238
5.345171999999829,0.0008571428571428571,0.650952380952381
5.355171999999829,0.0008571428571428571,0.650952380952381
5.365171999999829,0.0008571428571428571,0.6508571428571429
5.375171999999829,0.0008571428571428571,0.6504761904761904
5.385171999999828,0.0008571428571428571,0.65
5.395171999999828,0.0008571428571428571,0.6493333333333333
5.405171999999828,0.0008571428571428571,0.6492380952380953
5.415171999999828,0.0007619047619047619,0.6490476190476191
5.425171999999828,0.0007619047619047619,0.6488571428571429
5.435171999999827,0.0007619047619047619,0.6486666666666666
5.445171999999827,0.0007619047619047619,0.6485714285714286
5.455171999999827,0.0007619047619047619,0.648
5.465171999999827,0.0007619047619047619,0.6477142857142857
5.4751719999998265,0.0007619047619047619,0.6477142857142857
5.485171999999826,0.0007619047619047619,0.6473333333333333
5.495171999999826,0.0007619047619047619,0.6472380952380953
5.505171999999826,0.0007619047619047619,0.646952380952381
5.515171999999826,0.0007619047619047619,0.6463809523809524
5.5251719999998254,0.0007619047619047619,0.6457142857142857
5.535171999999825,0.0007619047619047619,0.6456190476190476
5.545171999999825,0.0007619047619047619,0.6454285714285715
5.555171999999825,0.0007619047619047619,0.6453333333333333
5.565171999999825,0.0007619047619047619,0.6442857142857142
5.575171999999824,0.0006666666666666666,0.6439047619047619
5.585171999999824,0.0006666666666666666,0.6435238095238095
5.595171999999824,0.0005714285714285715,0.6428571428571429
5.605171999999824,0.0005714285714285715,0.6424761904761904
5.6151719999998235,0.0005714285714285715,0.6422857142857142
5.625171999999823,0.0005714285714285715,0.642095238095238
5.635171999999823,0.0005714285714285715,0.6416190476190476
5.645171999999823,0.0005714285714285715,0.6414285714285715
5.655171999999823,0.0004761904761904762,0.6413333333333333
5.6651719999998225,0.0004761904761904762,0.6410476190476191
5.675171999999822,0.0004761904761904762,0.6405714285714286
5.685171999999822,0.0004761904761904762,0.6401904761904762
5.695171999999822,0.0004761904761904762,0.640095238095238
5.705171999999822,0.0004761904761904762,0.6397142857142857
5.715171999999821,0.0004761904761904762,0.6394285714285715
5.725171999999821,0.0004761904761904762,0.6390476190476191
5.735171999999821,0.0004761904761904762,0.6387619047619048
5.745171999999821,0.0004761904761904762,0.6385714285714286
5.7551719999998205,0.0004761904761904762,0.6383809523809524
5.76517199999982,0.00038095238095238096,0.6382857142857142
5.77517199999982,0.00028571428571428574,0.638095238095238
5.78517199999982,0.00028571428571428574,0.6373333333333333
5.79517199999982,0.00028571428571428574,0.6369523809523809
5.8051719999998195,0.00028571428571428574,0.6363809523809524
5.815171999999819,0.00028571428571428574,0.636095238095238
5.825171999999819,0.00028571428571428574,0.6357142857142857
5.835171999999819,0.00028571428571428574,0.6352380952380953
5.845171999999819,0.00028571428571428574,0.6348571428571429
5.855171999999818,0.00028571428571428574,0.6347619047619047
5.865171999999818,0.00028571428571428574,0.6344761904761905
5.875171999999818,0.00028571428571428574,0.6341904761904762
5.885171999999818,0.00028571428571428574,0.6336190476190476
5.895171999999818,0.00028571428571428574,0.6332380952380953
5.905171999999817,0.00028571428571428574,0.6328571428571429
5.915171999999817,0.00028571428571428574,0.6326666666666667
5.925171999999817,0.00028571428571428574,0.6321904761904762
5.935171999999817,0.00028571428571428574,0.6318095238095238
5.9451719999998165,0.00028571428571428574,0.6312380952380953
5.955171999999816,0.00028571428571428574,0.6306666666666667
5.965171999999816,0.00028571428571428574,0.6304761904761905
5.975171999999816,0.00028571428571428574,0.6303809523809524
5.985171999999816,0.00028571428571428574,0.63
5.995171999999815,0.00028571428571428574,0.6296190476190476
6.005171999999815,0.00028571428571428574,0.6291428571428571
6.015171999999815,0.00028571428571428574,0.6289523809523809
6.025171999999815,0.00028571428571428574,0.6283809523809524
6.035171999999815,0.00028571428571428574,0.6281904761904762
6.045171999999814,0.00028571428571428574,0.6273333333333333
6.055171999999814,0.00028571428571428574,0.6270476190476191
6.065171999999814,0.00028571428571428574,0.6266666666666667
6.075171999999814,0.00028571428571428574,0.6261904761904762
6.0851719999998135,0.00028571428571428574,0.6259047619047619
6.095171999999813,0.00028571428571428574,0.6255238095238095
6.105171999999813,0.00028571428571428574,0.6250476190476191
6.115171999999813,0.00028571428571428574,0.6242857142857143
6.125171999999813,0.00028571428571428574,0.6240952380952381
6.135171999999812,0.00028571428571428574,0.6236190476190476
6.145171999999812,0.00028571428571428574,0.6234285714285714
6.155171999999812,0.00028571428571428574,0.6229523809523809
6.165171999999812,0.00028571428571428574,0.6227619047619047
6.175171999999812,0.00028571428571428574,0.6223809523809524
6.185171999999811,0.00028571428571428574,0.6222857142857143
6.195171999999811,0.00028571428571428574,0.621904761904762
6.205171999999811,0.00028571428571428574,0.6211428571428571
6.215171999999811,0.00028571428571428574,0.6210476190476191
6.2251719999998105,0.00028571428571428574,0.6208571428571429
6.23517199999981,0.00028571428571428574,0.6206666666666667
6.24517199999981,0.00028571428571428574,0.6203809523809524
6.25517199999981,0.00028571428571428574,0.619904761904762
6.26517199999981,0.00028571428571428574,0.6196190476190476
6.2751719999998095,0.00028571428571428574,0.6191428571428571
6.285171999999809,0.00028571428571428574,0.6187619047619047
6.295171999999809,0.00028571428571428574,0.6186666666666667
6.305171999999809,0.00028571428571428574,0.6184761904761905
6.315171999999809,0.00028571428571428574,0.6180952380952381
6.325171999999808,0.00028571428571428574,0.6177142857142857
6.335171999999808,0.00028571428571428574,0.6174285714285714
6.345171999999808,0.00028571428571428574,0.6169523809523809
6.355171999999808,0.00028571428571428574,0.6164761904761905
6.3651719999998075,0.00028571428571428574,0.6162857142857143
6.375171999999807,0.00028571428571428574,0.615904761904762
6.385171999999807,0.00028571428571428574,0.6156190476190476
6.395171999999807,0.00028571428571428574,0.6152380952380953
6.405171999999807,0.00028571428571428574,0.6142857142857143
6.4151719999998065,9.523809523809524e-05,0.6140952380952381
6.425171999999806,9.523809523809524e-05,0.613904761904762
6.435171999999806,9.523809523809524e-05,0.6135238095238095
6.445171999999806,9.523809523809524e-05,0.6129523809523809
6.455171999999806,9.523809523809524e-05,0.6125714285714285
6.465171999999805,9.523809523809524e-05,0.6122857142857143
6.475171999999805,9.523809523809524e-05,0.6121904761904762
6.485171999999805,9.523809523809524e-05,0.611904761904762
6.495171999999805,9.523809523809524e-05,0.6115238095238095
6.5051719999998046,9.523809523809524e-05,0.6110476190476191
6.515171999999804,9.523809523809524e-05,0.6106666666666667
6.525171999999804,9.523809523809524e-05,0.6103809523809524
6.535171999999804,9.523809523809524e-05,0.609904761904762
6.545171999999804,9.523809523809524e-05,0.6094285714285714
6.5551719999998035,9.523809523809524e-05,0.6090476190476191
6.565171999999803,9.523809523809524e-05,0.6088571428571429
6.575171999999803,9.523809523809524e-05,0.6086666666666667
6.585171999999803,9.523809523809524e-05,0.6083809523809524
6.595171999999803,9.523809523809524e-05,0.608
6.605171999999802,9.523809523809524e-05,0.6071428571428571
6.615171999999802,9.523809523809524e-05,0.6068571428571429
6.625171999999802,9.523809523809524e-05,0.6065714285714285
6.635171999999802,9.523809523809524e-05,0.6062857142857143
6.645171999999802,9.523809523809524e-05,0.606
6.655171999999801,9.523809523809524e-05,0.6050476190476191
6.665171999999801,9.523809523809524e-05,0.6046666666666667
6.675171999999801,9.523809523809524e-05,0.6043809523809524
6.685171999999801,9.523809523809524e-05,0.604
6.6951719999998005,9.523809523809524e-05,0.6036190476190476
6.7051719999998,9.523809523809524e-05,0.6033333333333334
6.7151719999998,9.523809523809524e-05,0.6029523809523809
6.7251719999998,9.523809523809524e-05,0.6027619047619047
6.7351719999998,9.523809523809524e-05,0.6021904761904762
6.745171999999799,9.523809523809524e-05,0.6018095238095238
6.755171999999799,9.523809523809524e-05,0.6012380952380952
6.765171999999799,9.523809523809524e-05,0.6006666666666667
6.775171999999799,9.523809523809524e-05,0.6003809523809523
6.785171999999799,9.523809523809524e-05,0.6
6.795171999999798,9.523809523809524e-05,0.5998095238095238
6.805171999999798,9.523809523809524e-05,0.5994285714285714
6.815171999999798,9.523809523809524e-05,0.5988571428571429
6.825171999999798,9.523809523809524e-05,0.5987619047619047
6.8351719999997975,9.523809523809524e-05,0.5985714285714285
6.845171999999797,9.523809523809524e-05,0.5981904761904762
6.855171999999797,9.523809523809524e-05,0.5978095238095238
6.865171999999797,9.523809523809524e-05,0.5976190476190476
6.875171999999797,9.523809523809524e-05,0.5975238095238096
6.8851719999997965,9.523809523809524e-05,0.597047619047619
6.895171999999796,9.523809523809524e-05,0.5965714285714285
6.905171999999796,9.523809523809524e-05,0.5962857142857143
6.915171999999796,9.523809523809524e-05,0.5959047619047619
6.925171999999796,9.523809523809524e-05,0.5952380952380952
6.935171999999795,9.523809523809524e-05,0.5944761904761905
6.945171999999795,9.523809523809524e-05,0.5940952380952381
6.955171999999795,9.523809523809524e-05,0.5938095238095238
6.965171999999795,9.523809523809524e-05,0.5937142857142857
6.9751719999997945,9.523809523809524e-05,0.5933333333333334
6.985171999999794,9.523809523809524e-05,0.5929523809523809
6.995171999999794,9.523809523809524e-05,0.5925714285714285
7.005171999999794,9.523809523809524e-05,0.592
7.015171999999794,9.523809523809524e-05,0.5918095238095238
7.0251719999997935,9.523809523809524e-05,0.5914285714285714
7.035171999999793,9.523809523809524e-05,0.590952380952381
7.045171999999793,9.523809523809524e-05,0.5904761904761905
7.055171999999793,9.523809523809524e-05,0.5903809523809523
7.065171999999793,9.523809523809524e-05,0.5899047619047619
7.075171999999792,9.523809523809524e-05,0.5896190476190476
7.085171999999792,9.523809523809524e-05,0.5896190476190476
7.095171999999792,9.523809523809524e-05,0.589047619047619
7.105171999999792,9.523809523809524e-05,0.5887619047619047
7.1151719999997916,9.523809523809524e-05,0.5881904761904762
7.125171999999791,9.523809523809524e-05,0.5880952380952381
7.135171999999791,9.523809523809524e-05,0.588
7.145171999999791,9.523809523809524e-05,0.5874285714285714
7.155171999999791,9.523809523809524e-05,0.586952380952381
7.1651719999997905,9.523809523809524e-05,0.5866666666666667
7.17517199999979,9.523809523809524e-05,0.5861904761904762
