threshold,CDF_Noise,CDF_Injections
-2.684828,0.9999047619047619,1.0
-2.584828,0.9967619047619047,0.9999047619047619
-2.484828,0.9782857142857143,0.9990476190476191
-2.3848279999999997,0.922952380952381,0.996
-2.2848279999999996,0.8302857142857143,0.9904761904761905
-2.1848279999999995,0.7175238095238096,0.9829523809523809
-2.0848279999999995,0.598,0.9720952380952381
-1.9848279999999994,0.4838095238095238,0.9603809523809523
-1.8848279999999993,0.39504761904761904,0.947047619047619
-1.7848279999999992,0.3258095238095238,0.9346666666666666
-1.684827999999999,0.27266666666666667,0.9257142857142857
-1.584827999999999,0.23323809523809524,0.9152380952380952
-1.484827999999999,0.20257142857142857,0.9071428571428571
-1.3848279999999988,0.17819047619047618,0.9002857142857142
-1.2848279999999987,0.15504761904761905,0.8939047619047619
-1.1848279999999987,0.1358095238095238,0.8881904761904762
-1.0848279999999986,0.12104761904761904,0.8834285714285715
-0.9848279999999985,0.10885714285714286,0.8777142857142857
-0.8848279999999984,0.09561904761904762,0.8722857142857143
-0.7848279999999983,0.08542857142857142,0.8664761904761905
-0.6848279999999982,0.07819047619047619,0.8618095238095238
-0.5848279999999981,0.06961904761904762,0.8568571428571429
-0.48482799999999804,0.064,0.8512380952380952
-0.38482799999999795,0.05828571428571429,0.8466666666666667
-0.28482799999999786,0.052476190476190475,0.8420952380952381
-0.18482799999999777,0.04733333333333333,0.8372380952380952
-0.08482799999999768,0.04361904761904762,0.8324761904761905
0.015172000000002406,0.040285714285714286,0.8281904761904761
0.1151720000000025,0.03695238095238095,0.8239047619047619
0.21517200000000258,0.0339047619047619,0.8204761904761905
0.31517200000000267,0.030952380952380953,0.817047619047619
0.41517200000000276,0.028857142857142856,0.8132380952380952
0.5151720000000028,0.02676190476190476,0.8100952380952381
0.6151720000000029,0.024476190476190478,0.8064761904761905
0.715172000000003,0.022571428571428572,0.8033333333333333
0.8151720000000031,0.02057142857142857,0.7995238095238095
0.9151720000000032,0.01904761904761905,0.7960952380952381
1.0151720000000033,0.017714285714285714,0.792
1.1151720000000034,0.01638095238095238,0.7880952380952381
1.2151720000000035,0.015142857142857144,0.7842857142857143
1.3151720000000036,0.014571428571428572,0.7811428571428571
1.4151720000000036,0.013333333333333334,0.7779047619047619
1.5151720000000037,0.012380952380952381,0.7746666666666666
1.6151720000000038,0.011428571428571429,0.7713333333333333
1.715172000000004,0.010476190476190476,0.7685714285714286
1.815172000000004,0.009523809523809525,0.7656190476190476
1.915172000000004,0.008952380952380953,0.7622857142857142
2.015172000000004,0.008666666666666666,0.7594285714285715
2.1151720000000043,0.008095238095238095,0.7546666666666667
2.2151720000000044,0.007619047619047619,0.7518095238095238
2.3151720000000044,0.007047619047619047,0.7486666666666667
2.4151720000000045,0.0067619047619047615,0.746
2.5151720000000046,0.006380952380952381,0.7438095238095238
2.6151720000000047,0.006095238095238095,0.7411428571428571
2.715172000000005,0.005714285714285714,0.7370476190476191
2.815172000000005,0.005333333333333333,0.7342857142857143
2.915172000000005,0.005047619047619047,0.7316190476190476
3.015172000000005,0.004761904761904762,0.7291428571428571
3.115172000000005,0.0044761904761904765,0.7262857142857143
3.2151720000000052,0.004,0.7232380952380952
3.3151720000000053,0.003904761904761905,0.7194285714285714
3.4151720000000054,0.0035238095238095237,0.7166666666666667
3.5151720000000055,0.0034285714285714284,0.7133333333333334
3.6151720000000056,0.0033333333333333335,0.7098095238095238
3.7151720000000057,0.0030476190476190477,0.7076190476190476
3.815172000000006,0.002761904761904762,0.704
3.915172000000006,0.0026666666666666666,0.7012380952380952
4.015172000000006,0.002476190476190476,0.6979047619047619
4.1151720000000065,0.002285714285714286,0.6945714285714286
4.215172000000006,0.0018095238095238095,0.690952380952381
4.315172000000006,0.0015238095238095239,0.6884761904761905
4.415172000000006,0.0013333333333333333,0.685047619047619
4.515172000000007,0.001142857142857143,0.6817142857142857
4.6151720000000065,0.001142857142857143,0.6784761904761905
4.715172000000006,0.0009523809523809524,0.6748571428571428
4.815172000000007,0.0009523809523809524,0.6714285714285714
4.915172000000007,0.0008571428571428571,0.668
5.015172000000007,0.0008571428571428571,0.6644761904761904
5.1151720000000065,0.0008571428571428571,0.6608571428571428
5.215172000000007,0.0008571428571428571,0.6563809523809524
5.315172000000008,0.0008571428571428571,0.6522857142857142
5.415172000000007,0.0007619047619047619,0.6490476190476191
5.515172000000007,0.0007619047619047619,0.6463809523809524
5.615172000000007,0.0005714285714285715,0.6422857142857142
5.715172000000008,0.0004761904761904762,0.6394285714285715
5.815172000000008,0.00028571428571428574,0.636095238095238
5.915172000000007,0.00028571428571428574,0.6326666666666667
6.015172000000008,0.00028571428571428574,0.6289523809523809
6.115172000000008,0.00028571428571428574,0.6242857142857143
6.215172000000008,0.00028571428571428574,0.6210476190476191
6.315172000000008,0.00028571428571428574,0.6180952380952381
6.415172000000008,9.523809523809524e-05,0.6140952380952381
6.515172000000009,9.523809523809524e-05,0.6106666666666667
6.615172000000008,9.523809523809524e-05,0.6068571428571429
6.715172000000008,9.523809523809524e-05,0.6029523809523809
6.8151720000000084,9.523809523809524e-05,0.5988571428571429
6.915172000000009,9.523809523809524e-05,0.5959047619047619
7.015172000000009,9.523809523809524e-05,0.5918095238095238
7.115172000000008,9.523809523809524e-05,0.5881904761904762
7.215172000000009,0.0,0.5852380952380952
7.315172000000009,0.0,0.5797142857142857
7.415172000000009,0.0,0.576
7.515172000000009,0.0,0.5720952380952381
7.615172000000009,0.0,0.5679047619047619
7.71517200000001,0.0,0.5636190476190476
7.815172000000009,0.0,0.5599047619047619
7.915172000000009,0.0,0.5565714285714286
8.01517200000001,0.0,0.5526666666666666
8.11517200000001,0.0,0.5474285714285714
8.21517200000001,0.0,0.5420952380952381
8.31517200000001,0.0,0.5391428571428571
8.415172000000009,0.0,0.5341904761904762
8.51517200000001,0.0,0.53
8.61517200000001,0.0,0.5257142857142857
8.71517200000001,0.0,0.5215238095238095
8.815172000000011,0.0,0.5167619047619048
8.91517200000001,0.0,0.5118095238095238
9.01517200000001,0.0,0.5084761904761905
9.11517200000001,0.0,0.5042857142857143
9.21517200000001,0.0,0.5001904761904762
9.315172000000011,0.0,0.4958095238095238
9.41517200000001,0.0,0.49238095238095236
9.51517200000001,0.0,0.4880952380952381
9.615172000000012,0.0,0.48228571428571426
9.715172000000011,0.0,0.478
9.815172000000011,0.0,0.47323809523809524
9.91517200000001,0.0,0.4683809523809524
10.01517200000001,0.0,0.4642857142857143
10.115172000000012,0.0,0.45971428571428574
10.215172000000011,0.0,0.45504761904761903
10.315172000000011,0.0,0.45066666666666666
10.415172000000013,0.0,0.44552380952380954
10.515172000000012,0.0,0.441047619047619
10.615172000000012,0.0,0.43647619047619046
10.715172000000011,0.0,0.43238095238095237
10.815172000000011,0.0,0.4278095238095238
10.915172000000013,0.0,0.42333333333333334
11.015172000000012,0.0,0.4196190476190476
11.115172000000012,0.0,0.4138095238095238
11.215172000000013,0.0,0.4083809523809524
11.315172000000013,0.0,0.4035238095238095
11.415172000000013,0.0,0.39685714285714285
11.515172000000012,0.0,0.392
11.615172000000012,0.0,0.38666666666666666
11.715172000000013,0.0,0.382
11.815172000000013,0.0,0.37723809523809526
11.915172000000013,0.0,0.37142857142857144
12.015172000000014,0.0,0.366
12.115172000000014,0.0,0.36028571428571426
12.215172000000013,0.0,0.35504761904761906
12.315172000000013,0.0,0.34895238095238096
12.415172000000013,0.0,0.3435238095238095
12.515172000000014,0.0,0.3383809523809524
12.615172000000014,0.0,0.3332380952380952
12.715172000000013,0.0,0.32752380952380955
12.815172000000015,0.0,0.32142857142857145
12.915172000000014,0.0,0.31542857142857145
13.015172000000014,0.0,0.310952380952381
13.115172000000014,0.0,0.30552380952380953
13.215172000000013,0.0,0.2998095238095238
13.315172000000015,0.0,0.2944761904761905
13.415172000000014,0.0,0.28723809523809524
13.515172000000014,0.0,0.2816190476190476
13.615172000000015,0.0,0.27504761904761904
13.715172000000015,0.0,0.26895238095238094
13.815172000000015,0.0,0.26352380952380955
13.915172000000014,0.0,0.25866666666666666
14.015172000000014,0.0,0.25333333333333335
14.115172000000015,0.0,0.2464761904761905
14.215172000000015,0.0,0.24142857142857144
14.315172000000015,0.0,0.236
14.415172000000016,0.0,0.2302857142857143
14.515172000000016,0.0,0.2259047619047619
14.615172000000015,0.0,0.222
14.715172000000015,0.0,0.21638095238095237
14.815172000000015,0.0,0.2118095238095238
14.915172000000016,0.0,0.20666666666666667
15.015172000000016,0.0,0.20266666666666666
15.115172000000015,0.0,0.19876190476190475
15.215172000000017,0.0,0.194
15.315172000000016,0.0,0.18933333333333333
15.415172000000016,0.0,0.18457142857142858
15.515172000000016,0.0,0.17961904761904762
15.615172000000015,0.0,0.17609523809523808
15.715172000000017,0.0,0.17161904761904762
15.815172000000016,0.0,0.1680952380952381
15.915172000000016,0.0,0.16266666666666665
16.015172000000018,0.0,0.158
16.115172000000015,0.0,0.15228571428571427
16.215172000000017,0.0,0.14666666666666667
16.315172000000018,0.0,0.142
16.415172000000016,0.0,0.138
16.515172000000018,0.0,0.1337142857142857
16.615172000000015,0.0,0.12857142857142856
16.715172000000017,0.0,0.12457142857142857
16.815172000000018,0.0,0.12
16.915172000000016,0.0,0.11561904761904762
17.015172000000018,0.0,0.11123809523809523
17.11517200000002,0.0,0.10609523809523809
17.215172000000017,0.0,0.10228571428571429
17.315172000000018,0.0,0.098
17.41517200000002,0.0,0.09495238095238095
17.515172000000018,0.0,0.09123809523809524
17.61517200000002,0.0,0.08761904761904762
17.715172000000017,0.0,0.08428571428571428
17.815172000000018,0.0,0.08238095238095237
17.91517200000002,0.0,0.07961904761904762
18.015172000000018,0.0,0.07723809523809524
18.11517200000002,0.0,0.074
18.215172000000017,0.0,0.07114285714285715
18.315172000000018,0.0,0.06914285714285714
18.41517200000002,0.0,0.06685714285714285
18.515172000000018,0.0,0.06352380952380952
18.61517200000002,0.0,0.06095238095238095
18.71517200000002,0.0,0.05885714285714286
18.815172000000018,0.0,0.056095238095238094
18.91517200000002,0.0,0.05380952380952381
19.01517200000002,0.0,0.05152380952380953
19.11517200000002,0.0,0.048095238095238094
19.21517200000002,0.0,0.045047619047619045
19.315172000000018,0.0,0.04304761904761905
19.41517200000002,0.0,0.04133333333333333
19.51517200000002,0.0,0.039047619047619046
19.61517200000002,0.0,0.03780952380952381
19.71517200000002,0.0,0.035904761904761905
19.815172000000018,0.0,0.03361904761904762
19.91517200000002,0.0,0.031714285714285716
20.01517200000002,0.0,0.03
20.11517200000002,0.0,0.028666666666666667
20.21517200000002,0.0,0.027714285714285716
20.31517200000002,0.0,0.026095238095238095
20.41517200000002,0.0,0.024476190476190478
20.51517200000002,0.0,0.023428571428571427
20.615172000000022,0.0,0.022571428571428572
20.71517200000002,0.0,0.021142857142857144
20.81517200000002,0.0,0.02057142857142857
20.91517200000002,0.0,0.01876190476190476
21.01517200000002,0.0,0.01819047619047619
21.115172000000022,0.0,0.017619047619047618
21.21517200000002,0.0,0.01657142857142857
21.31517200000002,0.0,0.015809523809523808
21.41517200000002,0.0,0.014476190476190476
21.51517200000002,0.0,0.013428571428571429
21.615172000000022,0.0,0.012857142857142857
21.71517200000002,0.0,0.012285714285714285
21.81517200000002,0.0,0.011238095238095238
21.915172000000023,0.0,0.010666666666666666
22.01517200000002,0.0,0.01
22.115172000000022,0.0,0.009904761904761904
22.215172000000024,0.0,0.009714285714285713
22.31517200000002,0.0,0.008761904761904762
22.415172000000023,0.0,0.00780952380952381
22.51517200000002,0.0,0.0074285714285714285
22.615172000000022,0.0,0.007142857142857143
22.715172000000024,0.0,0.0064761904761904765
22.81517200000002,0.0,0.006285714285714286
22.915172000000023,0.0,0.005714285714285714
23.01517200000002,0.0,0.005047619047619047
23.115172000000022,0.0,0.004666666666666667
23.215172000000024,0.0,0.004380952380952381
23.31517200000002,0.0,0.004095238095238095
23.415172000000023,0.0,0.0037142857142857142
23.515172000000025,0.0,0.0034285714285714284
23.615172000000022,0.0,0.0034285714285714284
23.715172000000024,0.0,0.0033333333333333335
23.815172000000025,0.0,0.0029523809523809524
23.915172000000023,0.0,0.0026666666666666666
24.015172000000025,0.0,0.002476190476190476
24.115172000000022,0.0,0.002380952380952381
24.215172000000024,0.0,0.002380952380952381
24.315172000000025,0.0,0.0021904761904761906
24.415172000000023,0.0,0.002
24.515172000000025,0.0,0.0019047619047619048
24.615172000000022,0.0,0.0019047619047619048
24.715172000000024,0.0,0.0018095238095238095
24.815172000000025,0.0,0.0017142857142857142
24.915172000000023,0.0,0.0016190476190476191
25.015172000000025,0.0,0.0016190476190476191
25.115172000000026,0.0,0.0014285714285714286
25.215172000000024,0.0,0.001142857142857143
25.315172000000025,0.0,0.001142857142857143
25.415172000000027,0.0,0.0009523809523809524
25.515172000000025,0.0,0.0009523809523809524
25.615172000000026,0.0,0.0006666666666666666
25.715172000000024,0.0,0.0006666666666666666
25.815172000000025,0.0,0.0006666666666666666
25.915172000000027,0.0,0.0005714285714285715
26.015172000000025,0.0,0.00038095238095238096
26.115172000000026,0.0,0.00038095238095238096
26.215172000000024,0.0,0.00038095238095238096
26.315172000000025,0.0,0.00038095238095238096
26.415172000000027,0.0,0.00038095238095238096
26.515172000000025,0.0,0.00038095238095238096
26.615172000000026,0.0,0.00038095238095238096
26.715172000000027,0.0,0.00028571428571428574
26.815172000000025,0.0,0.00028571428571428574
26.915172000000027,0.0,0.00028571428571428574
27.015172000000028,0.0,0.00028571428571428574
27.115172000000026,0.0,0.00028571428571428574
27.215172000000027,0.0,0.00028571428571428574
27.315172000000025,0.0,0.00028571428571428574
27.415172000000027,0.0,0.00028571428571428574
27.515172000000028,0.0,0.00028571428571428574
27.615172000000026,0.0,0.00028571428571428574
27.715172000000027,0.0,0.00028571428571428574
27.815172000000025,0.0,0.00028571428571428574
27.915172000000027,0.0,0.00028571428571428574
28.015172000000028,0.0,0.00028571428571428574
28.115172000000026,0.0,0.00028571428571428574
28.215172000000027,0.0,0.00028571428571428574
28.31517200000003,0.0,0.00028571428571428574
28.415172000000027,0.0,0.00028571428571428574
28.515172000000028,0.0,0.00028571428571428574
28.61517200000003,0.0,0.00019047619047619048
28.715172000000027,0.0,0.00019047619047619048
28.81517200000003,0.0,0.00019047619047619048
28.915172000000027,0.0,0.00019047619047619048
29.015172000000028,0.0,0.00019047619047619048
29.11517200000003,0.0,9.523809523809524e-05
29.215172000000027,0.0,9.523809523809524e-05
29.31517200000003,0.0,9.523809523809524e-05
29.415172000000027,0.0,9.523809523809524e-05
29.515172000000028,0.0,9.523809523809524e-05
29.61517200000003,0.0,9.523809523809524e-05
29.715172000000027,0.0,9.523809523809524e-05
29.81517200000003,0.0,9.523809523809524e-05
